-- phpMyAdmin SQL Dump
-- version 4.6.5.2
-- https://www.phpmyadmin.net/
--
-- Servidor: 127.0.0.1
-- Tiempo de generación: 17-04-2017 a las 01:01:33
-- Versión del servidor: 10.1.21-MariaDB
-- Versión de PHP: 7.1.1

SET SQL_MODE = "NO_AUTO_VALUE_ON_ZERO";
SET time_zone = "+00:00";


/*!40101 SET @OLD_CHARACTER_SET_CLIENT=@@CHARACTER_SET_CLIENT */;
/*!40101 SET @OLD_CHARACTER_SET_RESULTS=@@CHARACTER_SET_RESULTS */;
/*!40101 SET @OLD_COLLATION_CONNECTION=@@COLLATION_CONNECTION */;
/*!40101 SET NAMES utf8mb4 */;

--
-- Base de datos: `mydb`
--

-- --------------------------------------------------------

--
-- Estructura de tabla para la tabla `equipos`
--

CREATE TABLE `equipos` (
  `ID_EQUIPO` int(10) NOT NULL,
  `EQUIPO` varchar(30) NOT NULL
) ENGINE=InnoDB DEFAULT CHARSET=latin1;

--
-- Volcado de datos para la tabla `equipos`
--

INSERT INTO `equipos` (`ID_EQUIPO`, `EQUIPO`) VALUES
(1, 'Alavés'),
(2, 'Betis'),
(3, 'Leganés'),
(4, 'At. Madrid'),
(5, 'Deportivo'),
(6, 'Sporting'),
(7, 'Barcelona'),
(8, 'Córdoba'),
(9, 'Huesca'),
(10, 'Lugo'),
(11, 'Ucam Murcia'),
(12, 'Tenerife'),
(13, 'Girona'),
(14, 'Rayo Vallecano'),
(15, 'Athletic Club'),
(16, 'R. Sociedad'),
(17, 'Osasuna'),
(18, 'Málaga'),
(19, 'Sevilla'),
(20, 'Celta'),
(21, 'Granada'),
(22, 'Valencia'),
(23, 'Numancia'),
(24, 'Mallorca'),
(25, 'Mirandés'),
(26, 'Getafe'),
(27, 'Reus'),
(28, 'Cádiz'),
(29, 'R. Oviedo'),
(30, 'R. Madrid');

-- --------------------------------------------------------

--
-- Estructura de tabla para la tabla `eventos`
--

CREATE TABLE `eventos` (
  `ID_JORNADA` int(11) NOT NULL,
  `ID_EVENTO` int(11) NOT NULL,
  `LOCAL` int(11) NOT NULL,
  `VISITANTE` int(11) NOT NULL,
  `RESULTADO` varchar(1) DEFAULT NULL
) ENGINE=InnoDB DEFAULT CHARSET=latin1;

--
-- Volcado de datos para la tabla `eventos`
--

INSERT INTO `eventos` (`ID_JORNADA`, `ID_EVENTO`, `LOCAL`, `VISITANTE`, `RESULTADO`) VALUES
(1, 1, 1, 30, '1'),
(1, 2, 2, 29, '2'),
(1, 3, 3, 28, 'X'),
(1, 4, 4, 27, '2'),
(1, 5, 5, 26, '1'),
(1, 6, 6, 25, 'X'),
(1, 7, 7, 24, 'X'),
(1, 8, 8, 23, '2'),
(1, 9, 9, 22, '1'),
(1, 10, 10, 21, '2'),
(1, 11, 11, 20, '2'),
(1, 12, 12, 19, 'X'),
(1, 13, 13, 18, 'X'),
(1, 14, 14, 17, '2'),
(1, 15, 15, 16, '1'),
(2, 1, 2, 16, '1'),
(2, 2, 3, 30, '2'),
(2, 3, 4, 29, 'X'),
(2, 4, 5, 28, '2'),
(2, 5, 6, 27, '1'),
(2, 6, 7, 26, '1'),
(2, 7, 8, 25, '2'),
(2, 8, 9, 24, '2'),
(2, 9, 10, 23, 'X'),
(2, 10, 11, 22, 'X'),
(2, 11, 12, 21, '1'),
(2, 12, 13, 20, '2'),
(2, 13, 14, 19, 'X'),
(2, 14, 15, 18, '2'),
(2, 15, 1, 17, '1'),
(3, 1, 4, 17, '2'),
(3, 2, 5, 16, '1'),
(3, 3, 6, 30, 'X'),
(3, 4, 7, 29, 'X'),
(3, 5, 8, 28, '1'),
(3, 6, 9, 27, 'X'),
(3, 7, 10, 26, 'x'),
(3, 8, 11, 25, '2'),
(3, 9, 12, 24, '2'),
(3, 10, 13, 23, '1'),
(3, 11, 14, 22, '1'),
(3, 12, 15, 21, '2'),
(3, 13, 1, 20, 'X'),
(3, 14, 2, 19, '2'),
(3, 15, 3, 18, '1'),
(4, 1, 5, 18, 'X'),
(4, 2, 6, 17, 'X'),
(4, 3, 7, 16, 'X'),
(4, 4, 8, 30, '2'),
(4, 5, 9, 29, '1'),
(4, 6, 10, 28, '2'),
(4, 7, 11, 27, '1'),
(4, 8, 12, 26, '2'),
(4, 9, 13, 25, 'X'),
(4, 10, 14, 24, 'X'),
(4, 11, 15, 23, '1'),
(4, 12, 1, 22, '2'),
(4, 13, 2, 21, 'X'),
(4, 14, 3, 20, '2'),
(4, 15, 4, 19, '1'),
(5, 1, 6, 19, '1'),
(5, 2, 7, 18, '2'),
(5, 3, 8, 17, 'X'),
(5, 4, 9, 16, '1'),
(5, 5, 10, 30, '2'),
(5, 6, 11, 29, '2'),
(5, 7, 12, 28, '2'),
(5, 8, 13, 27, '1'),
(5, 9, 14, 26, 'X'),
(5, 10, 15, 25, 'X'),
(5, 11, 1, 24, '1'),
(5, 12, 2, 23, '2'),
(5, 13, 3, 22, '1'),
(5, 14, 4, 21, '1'),
(5, 15, 5, 20, '1'),
(6, 1, 7, 20, '1'),
(6, 2, 8, 19, '2'),
(6, 3, 9, 18, 'X'),
(6, 4, 10, 17, '1'),
(6, 5, 11, 16, '2'),
(6, 6, 12, 30, '2'),
(6, 7, 13, 29, '2'),
(6, 8, 14, 28, '1'),
(6, 9, 15, 27, 'X'),
(6, 10, 1, 26, 'X'),
(6, 11, 2, 25, '1'),
(6, 12, 3, 24, '2'),
(6, 13, 4, 23, '1'),
(6, 14, 5, 22, '1'),
(6, 15, 6, 21, '1'),
(7, 1, 8, 21, '1'),
(7, 2, 9, 20, '1'),
(7, 3, 10, 19, '1'),
(7, 4, 11, 18, 'X'),
(7, 5, 12, 17, 'X'),
(7, 6, 13, 16, '1'),
(7, 7, 14, 30, '2'),
(7, 8, 15, 29, '2'),
(7, 9, 1, 28, '2'),
(7, 10, 2, 27, 'X'),
(7, 11, 3, 26, 'X'),
(7, 12, 4, 25, '1'),
(7, 13, 5, 24, 'X'),
(7, 14, 6, 23, 'X'),
(7, 15, 7, 22, '1'),
(8, 1, 9, 22, '2'),
(8, 2, 10, 21, '2'),
(8, 3, 11, 20, '1'),
(8, 4, 12, 19, 'X'),
(8, 5, 13, 18, 'X'),
(8, 6, 14, 17, '2'),
(8, 7, 15, 16, '1'),
(8, 8, 1, 30, '2'),
(8, 9, 2, 29, 'X'),
(8, 10, 3, 28, 'X'),
(8, 11, 4, 27, '1'),
(8, 12, 5, 26, '1'),
(8, 13, 6, 25, '1'),
(8, 14, 7, 24, '1'),
(8, 15, 8, 23, '2'),
(9, 1, 10, 23, '2'),
(9, 2, 11, 22, '2'),
(9, 3, 12, 21, 'X'),
(9, 4, 13, 20, '1'),
(9, 5, 14, 19, '1'),
(9, 6, 15, 18, '1'),
(9, 7, 1, 17, '2'),
(9, 8, 2, 16, '2'),
(9, 9, 3, 30, 'X'),
(9, 10, 4, 29, '1'),
(9, 11, 5, 28, 'X'),
(9, 12, 6, 27, 'X'),
(9, 13, 7, 26, '1'),
(9, 14, 8, 25, '1'),
(9, 15, 9, 24, '2'),
(10, 1, 11, 24, '1'),
(10, 2, 12, 23, '2'),
(10, 3, 13, 22, 'X'),
(10, 4, 14, 21, '1'),
(10, 5, 15, 20, '2'),
(10, 6, 1, 19, '2'),
(10, 7, 2, 18, '2'),
(10, 8, 3, 17, '2'),
(10, 9, 4, 16, 'X'),
(10, 10, 5, 30, '1'),
(10, 11, 6, 29, '1'),
(10, 12, 7, 28, '2'),
(10, 13, 8, 27, '2'),
(10, 14, 9, 26, '1'),
(10, 15, 10, 25, '2'),
(11, 1, 7, 20, '1'),
(11, 2, 8, 19, '2'),
(11, 3, 9, 18, 'X'),
(11, 4, 10, 17, '1'),
(11, 5, 11, 16, '2'),
(11, 6, 12, 30, '2'),
(11, 7, 13, 29, '2'),
(11, 8, 14, 28, '1'),
(11, 9, 15, 27, 'X'),
(11, 10, 1, 26, 'X'),
(11, 11, 2, 25, '1'),
(11, 12, 3, 24, '2'),
(11, 13, 4, 23, '1'),
(11, 14, 5, 22, '1'),
(11, 15, 6, 21, '1'),
(12, 1, 8, 21, '1'),
(12, 2, 9, 20, '1'),
(12, 3, 10, 19, '1'),
(12, 4, 11, 18, 'X'),
(12, 5, 12, 17, 'X'),
(12, 6, 13, 16, '1'),
(12, 7, 14, 30, '2'),
(12, 8, 15, 29, '2'),
(12, 9, 1, 28, '2'),
(12, 10, 2, 27, 'X'),
(12, 11, 3, 26, 'X'),
(12, 12, 4, 25, '1'),
(12, 13, 5, 24, 'X'),
(12, 14, 6, 23, 'X'),
(12, 15, 7, 22, '1'),
(13, 1, 9, 22, '2'),
(13, 2, 10, 21, '2'),
(13, 3, 11, 20, '1'),
(13, 4, 12, 19, 'X'),
(13, 5, 13, 18, 'X'),
(13, 6, 14, 17, '2'),
(13, 7, 15, 16, '1'),
(13, 8, 1, 30, '2'),
(13, 9, 2, 29, 'X'),
(13, 10, 3, 28, 'X'),
(13, 11, 4, 27, '1'),
(13, 12, 5, 26, '1'),
(13, 13, 6, 25, '1'),
(13, 14, 7, 24, '1'),
(13, 15, 8, 23, '2'),
(14, 1, 10, 23, '2'),
(14, 2, 11, 22, '2'),
(14, 3, 12, 21, 'X'),
(14, 4, 13, 20, '1'),
(14, 5, 14, 19, '1'),
(14, 6, 15, 18, '1'),
(14, 7, 1, 17, '2'),
(14, 8, 2, 16, '2'),
(14, 9, 3, 30, 'X'),
(14, 10, 4, 29, '1'),
(14, 11, 5, 28, 'X'),
(14, 12, 6, 27, 'X'),
(14, 13, 7, 26, '1'),
(14, 14, 8, 25, '1'),
(14, 15, 9, 24, '2'),
(15, 1, 11, 24, '1'),
(15, 2, 12, 23, '2'),
(15, 3, 13, 22, 'X'),
(15, 4, 14, 21, '1'),
(15, 5, 15, 20, '2'),
(15, 6, 1, 19, '2'),
(15, 7, 2, 18, '2'),
(15, 8, 3, 17, '2'),
(15, 9, 4, 16, 'X'),
(15, 10, 5, 30, '1'),
(15, 11, 6, 29, '1'),
(15, 12, 7, 28, '2'),
(15, 13, 8, 27, '2'),
(15, 14, 9, 26, '1'),
(15, 15, 10, 25, '2'),
(16, 1, 7, 20, '1'),
(16, 2, 8, 19, '2'),
(16, 3, 9, 18, 'X'),
(16, 4, 10, 17, '1'),
(16, 5, 11, 16, '2'),
(16, 6, 12, 30, '2'),
(16, 7, 13, 29, '2'),
(16, 8, 14, 28, '1'),
(16, 9, 15, 27, 'X'),
(16, 10, 1, 26, 'X'),
(16, 11, 2, 25, '1'),
(16, 12, 3, 24, '2'),
(16, 13, 4, 23, '1'),
(16, 14, 5, 22, '1'),
(16, 15, 6, 21, '1'),
(17, 1, 8, 21, '1'),
(17, 2, 9, 20, '1'),
(17, 3, 10, 19, '1'),
(17, 4, 11, 18, 'X'),
(17, 5, 12, 17, 'X'),
(17, 6, 13, 16, '1'),
(17, 7, 14, 30, '2'),
(17, 8, 15, 29, '2'),
(17, 9, 1, 28, '2'),
(17, 10, 2, 27, 'X'),
(17, 11, 3, 26, 'X'),
(17, 12, 4, 25, '1'),
(17, 13, 5, 24, 'X'),
(17, 14, 6, 23, 'X'),
(17, 15, 7, 22, '1'),
(18, 1, 9, 22, '2'),
(18, 2, 10, 21, '2'),
(18, 3, 11, 20, '1'),
(18, 4, 12, 19, 'X'),
(18, 5, 13, 18, 'X'),
(18, 6, 14, 17, '2'),
(18, 7, 15, 16, '1'),
(18, 8, 1, 30, '2'),
(18, 9, 2, 29, 'X'),
(18, 10, 3, 28, 'X'),
(18, 11, 4, 27, '1'),
(18, 12, 5, 26, '1'),
(18, 13, 6, 25, '1'),
(18, 14, 7, 24, '1'),
(18, 15, 8, 23, '2'),
(19, 1, 10, 23, '2'),
(19, 2, 11, 22, '2'),
(19, 3, 12, 21, 'X'),
(19, 4, 13, 20, '1'),
(19, 5, 14, 19, '1'),
(19, 6, 15, 18, '1'),
(19, 7, 1, 17, '2'),
(19, 8, 2, 16, '2'),
(19, 9, 3, 30, 'X'),
(19, 10, 4, 29, '1'),
(19, 11, 5, 28, 'X'),
(19, 12, 6, 27, 'X'),
(19, 13, 7, 26, '1'),
(19, 14, 8, 25, '1'),
(19, 15, 9, 24, '2'),
(20, 1, 11, 24, '1'),
(20, 2, 12, 23, '2'),
(20, 3, 13, 22, 'X'),
(20, 4, 14, 21, '1'),
(20, 5, 15, 20, '2'),
(20, 6, 1, 19, '2'),
(20, 7, 2, 18, '2'),
(20, 8, 3, 17, '2'),
(20, 9, 4, 16, 'X'),
(20, 10, 5, 30, '1'),
(20, 11, 6, 29, '1'),
(20, 12, 7, 28, '2'),
(20, 13, 8, 27, '2'),
(20, 14, 9, 26, '1'),
(20, 15, 10, 25, '2'),
(21, 1, 7, 20, '1'),
(21, 2, 8, 19, '2'),
(21, 3, 9, 18, 'X'),
(21, 4, 10, 17, '1'),
(21, 5, 11, 16, '2'),
(21, 6, 12, 30, '2'),
(21, 7, 13, 29, '2'),
(21, 8, 14, 28, '1'),
(21, 9, 15, 27, 'X'),
(21, 10, 1, 26, 'X'),
(21, 11, 2, 25, '1'),
(21, 12, 3, 24, '2'),
(21, 13, 4, 23, '1'),
(21, 14, 5, 22, '1'),
(21, 15, 6, 21, '1'),
(22, 1, 8, 21, '1'),
(22, 2, 9, 20, '1'),
(22, 3, 10, 19, '1'),
(22, 4, 11, 18, 'X'),
(22, 5, 12, 17, 'X'),
(22, 6, 13, 16, '1'),
(22, 7, 14, 30, '2'),
(22, 8, 15, 29, '2'),
(22, 9, 1, 28, '2'),
(22, 10, 2, 27, 'X'),
(22, 11, 3, 26, 'X'),
(22, 12, 4, 25, '1'),
(22, 13, 5, 24, 'X'),
(22, 14, 6, 23, 'X'),
(22, 15, 7, 22, '1'),
(23, 1, 9, 22, '2'),
(23, 2, 10, 21, '2'),
(23, 3, 11, 20, '1'),
(23, 4, 12, 19, 'X'),
(23, 5, 13, 18, 'X'),
(23, 6, 14, 17, '2'),
(23, 7, 15, 16, '1'),
(23, 8, 1, 30, '2'),
(23, 9, 2, 29, 'X'),
(23, 10, 3, 28, 'X'),
(23, 11, 4, 27, '1'),
(23, 12, 5, 26, '1'),
(23, 13, 6, 25, '1'),
(23, 14, 7, 24, '1'),
(23, 15, 8, 23, '2'),
(24, 1, 10, 23, '2'),
(24, 2, 11, 22, '2'),
(24, 3, 12, 21, 'X'),
(24, 4, 13, 20, '1'),
(24, 5, 14, 19, '1'),
(24, 6, 15, 18, '1'),
(24, 7, 1, 17, '2'),
(24, 8, 2, 16, '2'),
(24, 9, 3, 30, 'X'),
(24, 10, 4, 29, '1'),
(24, 11, 5, 28, 'X'),
(24, 12, 6, 27, 'X'),
(24, 13, 7, 26, '1'),
(24, 14, 8, 25, '1'),
(24, 15, 9, 24, '2'),
(25, 1, 11, 24, '1'),
(25, 2, 12, 23, '2'),
(25, 3, 13, 22, 'X'),
(25, 4, 14, 21, '1'),
(25, 5, 15, 20, '2'),
(25, 6, 1, 19, '2'),
(25, 7, 2, 18, '2'),
(25, 8, 3, 17, '2'),
(25, 9, 4, 16, 'X'),
(25, 10, 5, 30, '1'),
(25, 11, 6, 29, '1'),
(25, 12, 7, 28, '2'),
(25, 13, 8, 27, '2'),
(25, 14, 9, 26, '1'),
(25, 15, 10, 25, '2'),
(26, 1, 7, 20, '1'),
(26, 2, 8, 19, '2'),
(26, 3, 9, 18, 'X'),
(26, 4, 10, 17, '1'),
(26, 5, 11, 16, '2'),
(26, 6, 12, 30, '2'),
(26, 7, 13, 29, '2'),
(26, 8, 14, 28, '1'),
(26, 9, 15, 27, 'X'),
(26, 10, 1, 26, 'X'),
(26, 11, 2, 25, '1'),
(26, 12, 3, 24, '2'),
(26, 13, 4, 23, '1'),
(26, 14, 5, 22, '1'),
(26, 15, 6, 21, '1'),
(27, 1, 8, 21, '1'),
(27, 2, 9, 20, '1'),
(27, 3, 10, 19, '1'),
(27, 4, 11, 18, 'X'),
(27, 5, 12, 17, 'X'),
(27, 6, 13, 16, '1'),
(27, 7, 14, 30, '2'),
(27, 8, 15, 29, '2'),
(27, 9, 1, 28, '2'),
(27, 10, 2, 27, 'X'),
(27, 11, 3, 26, 'X'),
(27, 12, 4, 25, '1'),
(27, 13, 5, 24, 'X'),
(27, 14, 6, 23, 'X'),
(27, 15, 7, 22, '1'),
(28, 1, 9, 22, '2'),
(28, 2, 10, 21, '2'),
(28, 3, 11, 20, '1'),
(28, 4, 12, 19, 'X'),
(28, 5, 13, 18, 'X'),
(28, 6, 14, 17, '2'),
(28, 7, 15, 16, '1'),
(28, 8, 1, 30, '2'),
(28, 9, 2, 29, 'X'),
(28, 10, 3, 28, 'X'),
(28, 11, 4, 27, '1'),
(28, 12, 5, 26, '1'),
(28, 13, 6, 25, '1'),
(28, 14, 7, 24, '1'),
(28, 15, 8, 23, '2'),
(29, 1, 10, 23, '2'),
(29, 2, 11, 22, '2'),
(29, 3, 12, 21, 'X'),
(29, 4, 13, 20, '1'),
(29, 5, 14, 19, '1'),
(29, 6, 15, 18, '1'),
(29, 7, 1, 17, '2'),
(29, 8, 2, 16, '2'),
(29, 9, 3, 30, 'X'),
(29, 10, 4, 29, '1'),
(29, 11, 5, 28, 'X'),
(29, 12, 6, 27, 'X'),
(29, 13, 7, 26, '1'),
(29, 14, 8, 25, '1'),
(29, 15, 9, 24, '2'),
(30, 1, 11, 24, '1'),
(30, 2, 12, 23, '2'),
(30, 3, 13, 22, 'X'),
(30, 4, 14, 21, '1'),
(30, 5, 15, 20, '2'),
(30, 6, 1, 19, '2'),
(30, 7, 2, 18, '2'),
(30, 8, 3, 17, '2'),
(30, 9, 4, 16, 'X'),
(30, 10, 5, 30, '1'),
(30, 11, 6, 29, '1'),
(30, 12, 7, 28, '2'),
(30, 13, 8, 27, '2'),
(30, 14, 9, 26, '1'),
(30, 15, 10, 25, '2'),
(31, 1, 7, 20, '1'),
(31, 2, 8, 19, '2'),
(31, 3, 9, 18, 'X'),
(31, 4, 10, 17, '1'),
(31, 5, 11, 16, '2'),
(31, 6, 12, 30, '2'),
(31, 7, 13, 29, '2'),
(31, 8, 14, 28, '1'),
(31, 9, 15, 27, 'X'),
(31, 10, 1, 26, 'X'),
(31, 11, 2, 25, '1'),
(31, 12, 3, 24, '2'),
(31, 13, 4, 23, '1'),
(31, 14, 5, 22, '1'),
(31, 15, 6, 21, '1'),
(32, 1, 8, 21, '1'),
(32, 2, 9, 20, '1'),
(32, 3, 10, 19, '1'),
(32, 4, 11, 18, 'X'),
(32, 5, 12, 17, 'X'),
(32, 6, 13, 16, '1'),
(32, 7, 14, 30, '2'),
(32, 8, 15, 29, '2'),
(32, 9, 1, 28, '2'),
(32, 10, 2, 27, 'X'),
(32, 11, 3, 26, 'X'),
(32, 12, 4, 25, '1'),
(32, 13, 5, 24, 'X'),
(32, 14, 6, 23, 'X'),
(32, 15, 7, 22, '1'),
(33, 1, 9, 22, '2'),
(33, 2, 10, 21, '2'),
(33, 3, 11, 20, '1'),
(33, 4, 12, 19, 'X'),
(33, 5, 13, 18, 'X'),
(33, 6, 14, 17, '2'),
(33, 7, 15, 16, '1'),
(33, 8, 1, 30, '2'),
(33, 9, 2, 29, 'X'),
(33, 10, 3, 28, 'X'),
(33, 11, 4, 27, '1'),
(33, 12, 5, 26, '1'),
(33, 13, 6, 25, '1'),
(33, 14, 7, 24, '1'),
(33, 15, 8, 23, '2'),
(34, 1, 10, 23, '2'),
(34, 2, 11, 22, '2'),
(34, 3, 12, 21, 'X'),
(34, 4, 13, 20, '1'),
(34, 5, 14, 19, '1'),
(34, 6, 15, 18, '1'),
(34, 7, 1, 17, '2'),
(34, 8, 2, 16, '2'),
(34, 9, 3, 30, 'X'),
(34, 10, 4, 29, '1'),
(34, 11, 5, 28, 'X'),
(34, 12, 6, 27, 'X'),
(34, 13, 7, 26, '1'),
(34, 14, 8, 25, '1'),
(34, 15, 9, 24, '2'),
(35, 1, 11, 24, '1'),
(35, 2, 12, 23, '2'),
(35, 3, 13, 22, 'X'),
(35, 4, 14, 21, '1'),
(35, 5, 15, 20, '2'),
(35, 6, 1, 19, '2'),
(35, 7, 2, 18, '2'),
(35, 8, 3, 17, '2'),
(35, 9, 4, 16, 'X'),
(35, 10, 5, 30, '1'),
(35, 11, 6, 29, '1'),
(35, 12, 7, 28, '2'),
(35, 13, 8, 27, '2'),
(35, 14, 9, 26, '1'),
(35, 15, 10, 25, '2'),
(36, 1, 7, 20, '1'),
(36, 2, 8, 19, '2'),
(36, 3, 9, 18, 'X'),
(36, 4, 10, 17, '1'),
(36, 5, 11, 16, '2'),
(36, 6, 12, 30, '2'),
(36, 7, 13, 29, '2'),
(36, 8, 14, 28, '1'),
(36, 9, 15, 27, 'X'),
(36, 10, 1, 26, 'X'),
(36, 11, 2, 25, '1'),
(36, 12, 3, 24, '2'),
(36, 13, 4, 23, '1'),
(36, 14, 5, 22, '1'),
(36, 15, 6, 21, '1'),
(37, 1, 8, 21, '1'),
(37, 2, 9, 20, '1'),
(37, 3, 10, 19, '1'),
(37, 4, 11, 18, 'X'),
(37, 5, 12, 17, 'X'),
(37, 6, 13, 16, '1'),
(37, 7, 14, 30, '2'),
(37, 8, 15, 29, '2'),
(37, 9, 1, 28, '2'),
(37, 10, 2, 27, 'X'),
(37, 11, 3, 26, 'X'),
(37, 12, 4, 25, '1'),
(37, 13, 5, 24, 'X'),
(37, 14, 6, 23, 'X'),
(37, 15, 7, 22, '1'),
(38, 1, 9, 22, '2'),
(38, 2, 10, 21, '2'),
(38, 3, 11, 20, '1'),
(38, 4, 12, 19, 'X'),
(38, 5, 13, 18, 'X'),
(38, 6, 14, 17, '2'),
(38, 7, 15, 16, '1'),
(38, 8, 1, 30, '2'),
(38, 9, 2, 29, 'X'),
(38, 10, 3, 28, 'X'),
(38, 11, 4, 27, '1'),
(38, 12, 5, 26, '1'),
(38, 13, 6, 25, '1'),
(38, 14, 7, 24, '1'),
(38, 15, 8, 23, '2'),
(39, 1, 10, 23, '2'),
(39, 2, 11, 22, '2'),
(39, 3, 12, 21, 'X'),
(39, 4, 13, 20, '1'),
(39, 5, 14, 19, '1'),
(39, 6, 15, 18, '1'),
(39, 7, 1, 17, '2'),
(39, 8, 2, 16, '2'),
(39, 9, 3, 30, 'X'),
(39, 10, 4, 29, '1'),
(39, 11, 5, 28, 'X'),
(39, 12, 6, 27, 'X'),
(39, 13, 7, 26, '1'),
(39, 14, 8, 25, '1'),
(39, 15, 9, 24, '2'),
(40, 1, 11, 24, '1'),
(40, 2, 12, 23, '2'),
(40, 3, 13, 22, 'X'),
(40, 4, 14, 21, '1'),
(40, 5, 15, 20, '2'),
(40, 6, 1, 19, '2'),
(40, 7, 2, 18, '2'),
(40, 8, 3, 17, '2'),
(40, 9, 4, 16, 'X'),
(40, 10, 5, 30, '1'),
(40, 11, 6, 29, '1'),
(40, 12, 7, 28, '2'),
(40, 13, 8, 27, '2'),
(40, 14, 9, 26, '1'),
(40, 15, 10, 25, '2'),
(41, 1, 7, 20, '1'),
(41, 2, 8, 19, '2'),
(41, 3, 9, 18, 'X'),
(41, 4, 10, 17, '1'),
(41, 5, 11, 16, '2'),
(41, 6, 12, 30, '2'),
(41, 7, 13, 29, '2'),
(41, 8, 14, 28, '1'),
(41, 9, 15, 27, 'X'),
(41, 10, 1, 26, 'X'),
(41, 11, 2, 25, '1'),
(41, 12, 3, 24, '2'),
(41, 13, 4, 23, '1'),
(41, 14, 5, 22, '1'),
(41, 15, 6, 21, '1'),
(42, 1, 8, 21, '1'),
(42, 2, 9, 20, '1'),
(42, 3, 10, 19, '1'),
(42, 4, 11, 18, 'X'),
(42, 5, 12, 17, 'X'),
(42, 6, 13, 16, '1'),
(42, 7, 14, 30, '2'),
(42, 8, 15, 29, '2'),
(42, 9, 1, 28, '2'),
(42, 10, 2, 27, 'X'),
(42, 11, 3, 26, 'X'),
(42, 12, 4, 25, '1'),
(42, 13, 5, 24, 'X'),
(42, 14, 6, 23, 'X'),
(42, 15, 7, 22, '1'),
(43, 1, 9, 22, '2'),
(43, 2, 10, 21, '2'),
(43, 3, 11, 20, '1'),
(43, 4, 12, 19, 'X'),
(43, 5, 13, 18, 'X'),
(43, 6, 14, 17, '2'),
(43, 7, 15, 16, '1'),
(43, 8, 1, 30, '2'),
(43, 9, 2, 29, 'X'),
(43, 10, 3, 28, 'X'),
(43, 11, 4, 27, '1'),
(43, 12, 5, 26, '1'),
(43, 13, 6, 25, '1'),
(43, 14, 7, 24, '1'),
(43, 15, 8, 23, '2'),
(44, 1, 10, 23, '2'),
(44, 2, 11, 22, '2'),
(44, 3, 12, 21, 'X'),
(44, 4, 13, 20, '1'),
(44, 5, 14, 19, '1'),
(44, 6, 15, 18, '1'),
(44, 7, 1, 17, '2'),
(44, 8, 2, 16, '2'),
(44, 9, 3, 30, 'X'),
(44, 10, 4, 29, '1'),
(44, 11, 5, 28, 'X'),
(44, 12, 6, 27, 'X'),
(44, 13, 7, 26, '1'),
(44, 14, 8, 25, '1'),
(44, 15, 9, 24, '2'),
(45, 1, 11, 24, '1'),
(45, 2, 12, 23, '2'),
(45, 3, 13, 22, 'X'),
(45, 4, 14, 21, '1'),
(45, 5, 15, 20, '2'),
(45, 6, 1, 19, '2'),
(45, 7, 2, 18, '2'),
(45, 8, 3, 17, '2'),
(45, 9, 4, 16, 'X'),
(45, 10, 5, 30, '1'),
(45, 11, 6, 29, '1'),
(45, 12, 7, 28, '2'),
(45, 13, 8, 27, '2'),
(45, 14, 9, 26, '1'),
(45, 15, 10, 25, '2'),
(46, 1, 7, 20, ''),
(46, 2, 8, 19, ''),
(46, 3, 9, 18, ''),
(46, 4, 10, 17, ''),
(46, 5, 11, 16, ''),
(46, 6, 12, 30, ''),
(46, 7, 13, 29, ''),
(46, 8, 14, 28, ''),
(46, 9, 15, 27, ''),
(46, 10, 1, 26, ''),
(46, 11, 2, 25, ''),
(46, 12, 3, 24, ''),
(46, 13, 4, 23, ''),
(46, 14, 5, 22, ''),
(46, 15, 6, 21, ''),
(47, 1, 8, 21, ''),
(47, 2, 9, 20, ''),
(47, 3, 10, 19, ''),
(47, 4, 11, 18, ''),
(47, 5, 12, 17, ''),
(47, 6, 13, 16, ''),
(47, 7, 14, 30, ''),
(47, 8, 15, 29, ''),
(47, 9, 1, 28, ''),
(47, 10, 2, 27, ''),
(47, 11, 3, 26, ''),
(47, 12, 4, 25, ''),
(47, 13, 5, 24, ''),
(47, 14, 6, 23, ''),
(47, 15, 7, 22, ''),
(48, 1, 9, 22, ''),
(48, 2, 10, 21, ''),
(48, 3, 11, 20, ''),
(48, 4, 12, 19, ''),
(48, 5, 13, 18, ''),
(48, 6, 14, 17, ''),
(48, 7, 15, 16, ''),
(48, 8, 1, 30, ''),
(48, 9, 2, 29, ''),
(48, 10, 3, 28, ''),
(48, 11, 4, 27, ''),
(48, 12, 5, 26, ''),
(48, 13, 6, 25, ''),
(48, 14, 7, 24, ''),
(48, 15, 8, 23, '');

-- --------------------------------------------------------

--
-- Estructura de tabla para la tabla `jornadas`
--

CREATE TABLE `jornadas` (
  `ID_JORNADA` int(11) NOT NULL,
  `NOMBRE` varchar(30) NOT NULL,
  `FECHA` date NOT NULL,
  `DISPUTADA` varchar(1) NOT NULL DEFAULT 'N'
) ENGINE=InnoDB DEFAULT CHARSET=latin1;

--
-- Volcado de datos para la tabla `jornadas`
--

INSERT INTO `jornadas` (`ID_JORNADA`, `NOMBRE`, `FECHA`, `DISPUTADA`) VALUES
(1, 'Jornada 1', '2016-08-21', 'S'),
(2, 'Jornada 2', '2016-08-28', 'S'),
(3, 'Jornada 3', '2016-09-04', 'S'),
(4, 'Jornada 4', '2016-09-11', 'S'),
(5, 'Jornada 5', '2016-09-14', 'S'),
(6, 'Jornada 6', '2016-09-18', 'S'),
(7, 'Jornada 7', '2016-09-21', 'S'),
(8, 'Jornada 8', '2016-09-25', 'S'),
(9, 'Jornada 9', '2016-09-28', 'S'),
(10, 'Jornada 10', '2016-10-02', 'S'),
(11, 'Jornada 11', '2016-10-06', 'S'),
(12, 'Jornada 12', '2016-10-09', 'S'),
(13, 'Jornada 13', '2016-10-16', 'S'),
(14, 'Jornada 14', '2016-10-19', 'S'),
(15, 'Jornada 15', '2016-10-23', 'S'),
(16, 'Jornada 16', '2016-10-30', 'S'),
(17, 'Jornada 17', '2016-11-02', 'S'),
(18, 'Jornada 18', '2016-11-06', 'S'),
(19, 'Jornada 19', '2016-11-13', 'S'),
(20, 'Jornada 20', '2016-11-20', 'S'),
(21, 'Jornada 21', '2016-11-23', 'S'),
(22, 'Jornada 22', '2016-11-27', 'S'),
(23, 'Jornada 23', '2016-11-30', 'S'),
(24, 'Jornada 24', '2016-12-04', 'S'),
(25, 'Jornada 25', '2016-12-07', 'S'),
(26, 'Jornada 26', '2016-12-11', 'S'),
(27, 'Jornada 27', '2016-12-18', 'S'),
(28, 'Jornada 28', '2016-12-21', 'S'),
(29, 'Jornada 29', '2016-12-26', 'S'),
(30, 'Jornada 30', '2016-12-31', 'S'),
(31, 'Jornada 31', '2017-01-08', 'S'),
(32, 'Jornada 32', '2017-01-15', 'S'),
(33, 'Jornada 33', '2017-01-22', 'S'),
(34, 'Jornada 34', '2017-01-29', 'S'),
(35, 'Jornada 35', '2017-02-05', 'S'),
(36, 'Jornada 36', '2017-02-12', 'S'),
(37, 'Jornada 37', '2017-02-15', 'S'),
(38, 'Jornada 38', '2017-02-19', 'S'),
(39, 'Jornada 39', '2017-02-22', 'S'),
(40, 'Jornada 40', '2017-02-26', 'S'),
(41, 'Jornada 41', '2017-03-01', 'S'),
(42, 'Jornada 42', '2017-03-05', 'S'),
(43, 'Jornada 43', '2017-03-12', 'S'),
(44, 'Jornada 44', '2017-03-19', 'S'),
(45, 'Jornada 45', '2017-03-26', 'S'),
(46, 'Jornada 46', '2017-04-02', 'N'),
(47, 'Jornada 47', '2017-04-05', 'N'),
(48, 'Jornada 48', '2017-04-09', 'N');

-- --------------------------------------------------------

--
-- Estructura de tabla para la tabla `pronosticos`
--

CREATE TABLE `pronosticos` (
  `ID_QUINIELA` int(11) NOT NULL,
  `ID_PRO` int(11) NOT NULL,
  `ID_JORNADA` int(11) NOT NULL,
  `ID_EVENTO` int(11) NOT NULL,
  `PRONOSTICO` varchar(1) NOT NULL,
  `USUARIO` int(11) NOT NULL
) ENGINE=InnoDB DEFAULT CHARSET=latin1;

--
-- Volcado de datos para la tabla `pronosticos`
--

INSERT INTO `pronosticos` (`ID_QUINIELA`, `ID_PRO`, `ID_JORNADA`, `ID_EVENTO`, `PRONOSTICO`, `USUARIO`) VALUES
(676, 1, 46, 1, '2', 1),
(677, 2, 46, 2, 'X', 1),
(678, 3, 46, 3, 'X', 1),
(679, 4, 46, 4, 'X', 1),
(680, 5, 46, 5, 'X', 1),
(681, 6, 46, 6, 'X', 1),
(682, 7, 46, 7, 'X', 1),
(683, 8, 46, 8, 'X', 1),
(684, 9, 46, 9, 'X', 1),
(685, 10, 46, 10, 'X', 1),
(686, 11, 46, 11, 'X', 1),
(687, 12, 46, 12, 'X', 1),
(688, 13, 46, 13, 'X', 1),
(689, 14, 46, 14, 'X', 1),
(690, 15, 46, 15, 'X', 1);

-- --------------------------------------------------------

--
-- Estructura de tabla para la tabla `quinielas`
--

CREATE TABLE `quinielas` (
  `ID_QUINIELA` int(11) NOT NULL,
  `NOMBRE` varchar(30) DEFAULT NULL,
  `ESCRUTADA` varchar(1) NOT NULL DEFAULT 'N',
  `ACIERTOS` int(11) DEFAULT NULL,
  `ID_JORNADA` int(11) NOT NULL,
  `USUARIO` int(11) NOT NULL
) ENGINE=InnoDB DEFAULT CHARSET=latin1;

--
-- Volcado de datos para la tabla `quinielas`
--

INSERT INTO `quinielas` (`ID_QUINIELA`, `NOMBRE`, `ESCRUTADA`, `ACIERTOS`, `ID_JORNADA`, `USUARIO`) VALUES
(1, 'Quini 1.1', 'S', 0, 1, 0),
(2, 'Quini 1.2', 'S', 0, 1, 0),
(3, 'Quini 1.3', 'S', 0, 1, 0),
(4, 'Quini 1.4', 'S', 1, 1, 0),
(5, 'Quini 1.5', 'S', 0, 1, 0),
(6, 'Quini 1.6', 'S', 1, 1, 0),
(7, 'Quini 1.7', 'S', 0, 1, 0),
(8, 'Quini 1.8', 'S', 1, 1, 0),
(9, 'Quini 1.9', 'S', 0, 1, 0),
(10, 'Quini 1.10', 'S', 0, 1, 0),
(11, 'Quini 1.11', 'S', 1, 1, 0),
(12, 'Quini 1.12', 'S', 0, 1, 0),
(13, 'Quini 1.13', 'S', 0, 1, 0),
(14, 'Quini 1.14', 'S', 0, 1, 0),
(15, 'Quini 1.15', 'S', 1, 1, 0),
(16, 'Quini 2.1', 'S', NULL, 2, 0),
(17, 'Quini 2.2', 'S', NULL, 2, 0),
(18, 'Quini 2.3', 'S', NULL, 2, 0),
(19, 'Quini 2.4', 'S', NULL, 2, 0),
(20, 'Quini 2.5', 'S', NULL, 2, 0),
(21, 'Quini 2.6', 'S', NULL, 2, 0),
(22, 'Quini 2.7', 'S', NULL, 2, 0),
(23, 'Quini 2.8', 'S', NULL, 2, 0),
(24, 'Quini 2.9', 'S', NULL, 2, 0),
(25, 'Quini 2.10', 'S', NULL, 2, 0),
(26, 'Quini 2.11', 'S', NULL, 2, 0),
(27, 'Quini 2.12', 'S', NULL, 2, 0),
(28, 'Quini 2.13', 'S', NULL, 2, 0),
(29, 'Quini 2.14', 'S', NULL, 2, 0),
(30, 'Quini 2.15', 'S', NULL, 2, 0),
(31, 'Quini 3.1', 'S', NULL, 3, 0),
(32, 'Quini 3.2', 'S', NULL, 3, 0),
(33, 'Quini 3.3', 'S', NULL, 3, 0),
(34, 'Quini 3.4', 'S', NULL, 3, 0),
(35, 'Quini 3.5', 'S', NULL, 3, 0),
(36, 'Quini 3.6', 'S', NULL, 3, 0),
(37, 'Quini 3.7', 'S', NULL, 3, 0),
(38, 'Quini 3.8', 'S', NULL, 3, 0),
(39, 'Quini 3.9', 'S', NULL, 3, 0),
(40, 'Quini 3.10', 'S', NULL, 3, 0),
(41, 'Quini 3.11', 'S', NULL, 3, 0),
(42, 'Quini 3.12', 'S', NULL, 3, 0),
(43, 'Quini 3.13', 'S', NULL, 3, 0),
(44, 'Quini 3.14', 'S', NULL, 3, 0),
(45, 'Quini 3.15', 'S', NULL, 3, 0),
(46, 'Quini 4.1', 'S', NULL, 4, 0),
(47, 'Quini 4.2', 'S', NULL, 4, 0),
(48, 'Quini 4.3', 'S', NULL, 4, 0),
(49, 'Quini 4.4', 'S', NULL, 4, 0),
(50, 'Quini 4.5', 'S', NULL, 4, 0),
(51, 'Quini 4.6', 'S', NULL, 4, 0),
(52, 'Quini 4.7', 'S', NULL, 4, 0),
(53, 'Quini 4.8', 'S', NULL, 4, 0),
(54, 'Quini 4.9', 'S', NULL, 4, 0),
(55, 'Quini 4.10', 'S', NULL, 4, 0),
(56, 'Quini 4.11', 'S', NULL, 4, 0),
(57, 'Quini 4.12', 'S', NULL, 4, 0),
(58, 'Quini 4.13', 'S', NULL, 4, 0),
(59, 'Quini 4.14', 'S', NULL, 4, 0),
(60, 'Quini 4.15', 'S', NULL, 4, 0),
(61, 'Quini 5.1', 'S', NULL, 5, 0),
(62, 'Quini 5.2', 'S', NULL, 5, 0),
(63, 'Quini 5.3', 'S', NULL, 5, 0),
(64, 'Quini 5.4', 'S', NULL, 5, 0),
(65, 'Quini 5.5', 'S', NULL, 5, 0),
(66, 'Quini 5.6', 'S', NULL, 5, 0),
(67, 'Quini 5.7', 'S', NULL, 5, 0),
(68, 'Quini 5.8', 'S', NULL, 5, 0),
(69, 'Quini 5.9', 'S', NULL, 5, 0),
(70, 'Quini 5.10', 'S', NULL, 5, 0),
(71, 'Quini 5.11', 'S', NULL, 5, 0),
(72, 'Quini 5.12', 'S', NULL, 5, 0),
(73, 'Quini 5.13', 'S', NULL, 5, 0),
(74, 'Quini 5.14', 'S', NULL, 5, 0),
(75, 'Quini 5.15', 'S', NULL, 5, 0),
(76, 'Quini 6.1', 'S', NULL, 6, 0),
(77, 'Quini 6.2', 'S', NULL, 6, 0),
(78, 'Quini 6.3', 'S', NULL, 6, 0),
(79, 'Quini 6.4', 'S', NULL, 6, 0),
(80, 'Quini 6.5', 'S', NULL, 6, 0),
(81, 'Quini 6.6', 'S', NULL, 6, 0),
(82, 'Quini 6.7', 'S', NULL, 6, 0),
(83, 'Quini 6.8', 'S', NULL, 6, 0),
(84, 'Quini 6.9', 'S', NULL, 6, 0),
(85, 'Quini 6.10', 'S', NULL, 6, 0),
(86, 'Quini 6.11', 'S', NULL, 6, 0),
(87, 'Quini 6.12', 'S', NULL, 6, 0),
(88, 'Quini 6.13', 'S', NULL, 6, 0),
(89, 'Quini 6.14', 'S', NULL, 6, 0),
(90, 'Quini 6.15', 'S', NULL, 6, 0),
(91, 'Quini 7.1', 'S', NULL, 7, 0),
(92, 'Quini 7.2', 'S', NULL, 7, 0),
(93, 'Quini 7.3', 'S', NULL, 7, 0),
(94, 'Quini 7.4', 'S', NULL, 7, 0),
(95, 'Quini 7.5', 'S', NULL, 7, 0),
(96, 'Quini 7.6', 'S', NULL, 7, 0),
(97, 'Quini 7.7', 'S', NULL, 7, 0),
(98, 'Quini 7.8', 'S', NULL, 7, 0),
(99, 'Quini 7.9', 'S', NULL, 7, 0),
(100, 'Quini 7.10', 'S', NULL, 7, 0),
(101, 'Quini 7.11', 'S', NULL, 7, 0),
(102, 'Quini 7.12', 'S', NULL, 7, 0),
(103, 'Quini 7.13', 'S', NULL, 7, 0),
(104, 'Quini 7.14', 'S', NULL, 7, 0),
(105, 'Quini 7.15', 'S', NULL, 7, 0),
(106, 'Quini 8.1', 'S', NULL, 8, 0),
(107, 'Quini 8.2', 'S', NULL, 8, 0),
(108, 'Quini 8.3', 'S', NULL, 8, 0),
(109, 'Quini 8.4', 'S', NULL, 8, 0),
(110, 'Quini 8.5', 'S', NULL, 8, 0),
(111, 'Quini 8.6', 'S', NULL, 8, 0),
(112, 'Quini 8.7', 'S', NULL, 8, 0),
(113, 'Quini 8.8', 'S', NULL, 8, 0),
(114, 'Quini 8.9', 'S', NULL, 8, 0),
(115, 'Quini 8.10', 'S', NULL, 8, 0),
(116, 'Quini 8.11', 'S', NULL, 8, 0),
(117, 'Quini 8.12', 'S', NULL, 8, 0),
(118, 'Quini 8.13', 'S', NULL, 8, 0),
(119, 'Quini 8.14', 'S', NULL, 8, 0),
(120, 'Quini 8.15', 'S', NULL, 8, 0),
(121, 'Quini 9.1', 'S', NULL, 9, 0),
(122, 'Quini 9.2', 'S', NULL, 9, 0),
(123, 'Quini 9.3', 'S', NULL, 9, 0),
(124, 'Quini 9.4', 'S', NULL, 9, 0),
(125, 'Quini 9.5', 'S', NULL, 9, 0),
(126, 'Quini 9.6', 'S', NULL, 9, 0),
(127, 'Quini 9.7', 'S', NULL, 9, 0),
(128, 'Quini 9.8', 'S', NULL, 9, 0),
(129, 'Quini 9.9', 'S', NULL, 9, 0),
(130, 'Quini 9.10', 'S', NULL, 9, 0),
(131, 'Quini 9.11', 'S', NULL, 9, 0),
(132, 'Quini 9.12', 'S', NULL, 9, 0),
(133, 'Quini 9.13', 'S', NULL, 9, 0),
(134, 'Quini 9.14', 'S', NULL, 9, 0),
(135, 'Quini 9.15', 'S', NULL, 9, 0),
(136, 'Quini 10.1', 'S', NULL, 10, 0),
(137, 'Quini 10.2', 'S', NULL, 10, 0),
(138, 'Quini 10.3', 'S', NULL, 10, 0),
(139, 'Quini 10.4', 'S', NULL, 10, 0),
(140, 'Quini 10.5', 'S', NULL, 10, 0),
(141, 'Quini 10.6', 'S', NULL, 10, 0),
(142, 'Quini 10.7', 'S', NULL, 10, 0),
(143, 'Quini 10.8', 'S', NULL, 10, 0),
(144, 'Quini 10.9', 'S', NULL, 10, 0),
(145, 'Quini 10.10', 'S', NULL, 10, 0),
(146, 'Quini 10.11', 'S', NULL, 10, 0),
(147, 'Quini 10.12', 'S', NULL, 10, 0),
(148, 'Quini 10.13', 'S', NULL, 10, 0),
(149, 'Quini 10.14', 'S', NULL, 10, 0),
(150, 'Quini 10.15', 'S', NULL, 10, 0),
(151, 'Quini 11.1', 'S', NULL, 11, 0),
(152, 'Quini 11.2', 'S', NULL, 11, 0),
(153, 'Quini 11.3', 'S', NULL, 11, 0),
(154, 'Quini 11.4', 'S', NULL, 11, 0),
(155, 'Quini 11.5', 'S', NULL, 11, 0),
(156, 'Quini 11.6', 'S', NULL, 11, 0),
(157, 'Quini 11.7', 'S', NULL, 11, 0),
(158, 'Quini 11.8', 'S', NULL, 11, 0),
(159, 'Quini 11.9', 'S', NULL, 11, 0),
(160, 'Quini 11.10', 'S', NULL, 11, 0),
(161, 'Quini 11.11', 'S', NULL, 11, 0),
(162, 'Quini 11.12', 'S', NULL, 11, 0),
(163, 'Quini 11.13', 'S', NULL, 11, 0),
(164, 'Quini 11.14', 'S', NULL, 11, 0),
(165, 'Quini 11.15', 'S', NULL, 11, 0),
(166, 'Quini 12.1', 'S', NULL, 12, 0),
(167, 'Quini 12.2', 'S', NULL, 12, 0),
(168, 'Quini 12.3', 'S', NULL, 12, 0),
(169, 'Quini 12.4', 'S', NULL, 12, 0),
(170, 'Quini 12.5', 'S', NULL, 12, 0),
(171, 'Quini 12.6', 'S', NULL, 12, 0),
(172, 'Quini 12.7', 'S', NULL, 12, 0),
(173, 'Quini 12.8', 'S', NULL, 12, 0),
(174, 'Quini 12.9', 'S', NULL, 12, 0),
(175, 'Quini 12.10', 'S', NULL, 12, 0),
(176, 'Quini 12.11', 'S', NULL, 12, 0),
(177, 'Quini 12.12', 'S', NULL, 12, 0),
(178, 'Quini 12.13', 'S', NULL, 12, 0),
(179, 'Quini 12.14', 'S', NULL, 12, 0),
(180, 'Quini 12.15', 'S', NULL, 12, 0),
(181, 'Quini 13.1', 'S', NULL, 13, 0),
(182, 'Quini 13.2', 'S', NULL, 13, 0),
(183, 'Quini 13.3', 'S', NULL, 13, 0),
(184, 'Quini 13.4', 'S', NULL, 13, 0),
(185, 'Quini 13.5', 'S', NULL, 13, 0),
(186, 'Quini 13.6', 'S', NULL, 13, 0),
(187, 'Quini 13.7', 'S', NULL, 13, 0),
(188, 'Quini 13.8', 'S', NULL, 13, 0),
(189, 'Quini 13.9', 'S', NULL, 13, 0),
(190, 'Quini 13.10', 'S', NULL, 13, 0),
(191, 'Quini 13.11', 'S', NULL, 13, 0),
(192, 'Quini 13.12', 'S', NULL, 13, 0),
(193, 'Quini 13.13', 'S', NULL, 13, 0),
(194, 'Quini 13.14', 'S', NULL, 13, 0),
(195, 'Quini 13.15', 'S', NULL, 13, 0),
(196, 'Quini 14.1', 'S', NULL, 14, 0),
(197, 'Quini 14.2', 'S', NULL, 14, 0),
(198, 'Quini 14.3', 'S', NULL, 14, 0),
(199, 'Quini 14.4', 'S', NULL, 14, 0),
(200, 'Quini 14.5', 'S', NULL, 14, 0),
(201, 'Quini 14.6', 'S', NULL, 14, 0),
(202, 'Quini 14.7', 'S', NULL, 14, 0),
(203, 'Quini 14.8', 'S', NULL, 14, 0),
(204, 'Quini 14.9', 'S', NULL, 14, 0),
(205, 'Quini 14.10', 'S', NULL, 14, 0),
(206, 'Quini 14.11', 'S', NULL, 14, 0),
(207, 'Quini 14.12', 'S', NULL, 14, 0),
(208, 'Quini 14.13', 'S', NULL, 14, 0),
(209, 'Quini 14.14', 'S', NULL, 14, 0),
(210, 'Quini 14.15', 'S', NULL, 14, 0),
(211, 'Quini 15.1', 'S', NULL, 15, 0),
(212, 'Quini 15.2', 'S', NULL, 15, 0),
(213, 'Quini 15.3', 'S', NULL, 15, 0),
(214, 'Quini 15.4', 'S', NULL, 15, 0),
(215, 'Quini 15.5', 'S', NULL, 15, 0),
(216, 'Quini 15.6', 'S', NULL, 15, 0),
(217, 'Quini 15.7', 'S', NULL, 15, 0),
(218, 'Quini 15.8', 'S', NULL, 15, 0),
(219, 'Quini 15.9', 'S', NULL, 15, 0),
(220, 'Quini 15.10', 'S', NULL, 15, 0),
(221, 'Quini 15.11', 'S', NULL, 15, 0),
(222, 'Quini 15.12', 'S', NULL, 15, 0),
(223, 'Quini 15.13', 'S', NULL, 15, 0),
(224, 'Quini 15.14', 'S', NULL, 15, 0),
(225, 'Quini 15.15', 'S', NULL, 15, 0),
(226, 'Quini 16.1', 'S', NULL, 16, 0),
(227, 'Quini 16.2', 'S', NULL, 16, 0),
(228, 'Quini 16.3', 'S', NULL, 16, 0),
(229, 'Quini 16.4', 'S', NULL, 16, 0),
(230, 'Quini 16.5', 'S', NULL, 16, 0),
(231, 'Quini 16.6', 'S', NULL, 16, 0),
(232, 'Quini 16.7', 'S', NULL, 16, 0),
(233, 'Quini 16.8', 'S', NULL, 16, 0),
(234, 'Quini 16.9', 'S', NULL, 16, 0),
(235, 'Quini 16.10', 'S', NULL, 16, 0),
(236, 'Quini 16.11', 'S', NULL, 16, 0),
(237, 'Quini 16.12', 'S', NULL, 16, 0),
(238, 'Quini 16.13', 'S', NULL, 16, 0),
(239, 'Quini 16.14', 'S', NULL, 16, 0),
(240, 'Quini 16.15', 'S', NULL, 16, 0),
(241, 'Quini 17.1', 'S', NULL, 17, 0),
(242, 'Quini 17.2', 'S', NULL, 17, 0),
(243, 'Quini 17.3', 'S', NULL, 17, 0),
(244, 'Quini 17.4', 'S', NULL, 17, 0),
(245, 'Quini 17.5', 'S', NULL, 17, 0),
(246, 'Quini 17.6', 'S', NULL, 17, 0),
(247, 'Quini 17.7', 'S', NULL, 17, 0),
(248, 'Quini 17.8', 'S', NULL, 17, 0),
(249, 'Quini 17.9', 'S', NULL, 17, 0),
(250, 'Quini 17.10', 'S', NULL, 17, 0),
(251, 'Quini 17.11', 'S', NULL, 17, 0),
(252, 'Quini 17.12', 'S', NULL, 17, 0),
(253, 'Quini 17.13', 'S', NULL, 17, 0),
(254, 'Quini 17.14', 'S', NULL, 17, 0),
(255, 'Quini 17.15', 'S', NULL, 17, 0),
(256, 'Quini 18.1', 'S', NULL, 18, 0),
(257, 'Quini 18.2', 'S', NULL, 18, 0),
(258, 'Quini 18.3', 'S', NULL, 18, 0),
(259, 'Quini 18.4', 'S', NULL, 18, 0),
(260, 'Quini 18.5', 'S', NULL, 18, 0),
(261, 'Quini 18.6', 'S', NULL, 18, 0),
(262, 'Quini 18.7', 'S', NULL, 18, 0),
(263, 'Quini 18.8', 'S', NULL, 18, 0),
(264, 'Quini 18.9', 'S', NULL, 18, 0),
(265, 'Quini 18.10', 'S', NULL, 18, 0),
(266, 'Quini 18.11', 'S', NULL, 18, 0),
(267, 'Quini 18.12', 'S', NULL, 18, 0),
(268, 'Quini 18.13', 'S', NULL, 18, 0),
(269, 'Quini 18.14', 'S', NULL, 18, 0),
(270, 'Quini 18.15', 'S', NULL, 18, 0),
(271, 'Quini 19.1', 'S', NULL, 19, 0),
(272, 'Quini 19.2', 'S', NULL, 19, 0),
(273, 'Quini 19.3', 'S', NULL, 19, 0),
(274, 'Quini 19.4', 'S', NULL, 19, 0),
(275, 'Quini 19.5', 'S', NULL, 19, 0),
(276, 'Quini 19.6', 'S', NULL, 19, 0),
(277, 'Quini 19.7', 'S', NULL, 19, 0),
(278, 'Quini 19.8', 'S', NULL, 19, 0),
(279, 'Quini 19.9', 'S', NULL, 19, 0),
(280, 'Quini 19.10', 'S', NULL, 19, 0),
(281, 'Quini 19.11', 'S', NULL, 19, 0),
(282, 'Quini 19.12', 'S', NULL, 19, 0),
(283, 'Quini 19.13', 'S', NULL, 19, 0),
(284, 'Quini 19.14', 'S', NULL, 19, 0),
(285, 'Quini 19.15', 'S', NULL, 19, 0),
(286, 'Quini 20.1', 'S', NULL, 20, 0),
(287, 'Quini 20.2', 'S', NULL, 20, 0),
(288, 'Quini 20.3', 'S', NULL, 20, 0),
(289, 'Quini 20.4', 'S', NULL, 20, 0),
(290, 'Quini 20.5', 'S', NULL, 20, 0),
(291, 'Quini 20.6', 'S', NULL, 20, 0),
(292, 'Quini 20.7', 'S', NULL, 20, 0),
(293, 'Quini 20.8', 'S', NULL, 20, 0),
(294, 'Quini 20.9', 'S', NULL, 20, 0),
(295, 'Quini 20.10', 'S', NULL, 20, 0),
(296, 'Quini 20.11', 'S', NULL, 20, 0),
(297, 'Quini 20.12', 'S', NULL, 20, 0),
(298, 'Quini 20.13', 'S', NULL, 20, 0),
(299, 'Quini 20.14', 'S', NULL, 20, 0),
(300, 'Quini 20.15', 'S', NULL, 20, 0),
(301, 'Quini 21.1', 'S', NULL, 21, 0),
(302, 'Quini 21.2', 'S', NULL, 21, 0),
(303, 'Quini 21.3', 'S', NULL, 21, 0),
(304, 'Quini 21.4', 'S', NULL, 21, 0),
(305, 'Quini 21.5', 'S', NULL, 21, 0),
(306, 'Quini 21.6', 'S', NULL, 21, 0),
(307, 'Quini 21.7', 'S', NULL, 21, 0),
(308, 'Quini 21.8', 'S', NULL, 21, 0),
(309, 'Quini 21.9', 'S', NULL, 21, 0),
(310, 'Quini 21.10', 'S', NULL, 21, 0),
(311, 'Quini 21.11', 'S', NULL, 21, 0),
(312, 'Quini 21.12', 'S', NULL, 21, 0),
(313, 'Quini 21.13', 'S', NULL, 21, 0),
(314, 'Quini 21.14', 'S', NULL, 21, 0),
(315, 'Quini 21.15', 'S', NULL, 21, 0),
(316, 'Quini 22.1', 'S', NULL, 22, 0),
(317, 'Quini 22.2', 'S', NULL, 22, 0),
(318, 'Quini 22.3', 'S', NULL, 22, 0),
(319, 'Quini 22.4', 'S', NULL, 22, 0),
(320, 'Quini 22.5', 'S', NULL, 22, 0),
(321, 'Quini 22.6', 'S', NULL, 22, 0),
(322, 'Quini 22.7', 'S', NULL, 22, 0),
(323, 'Quini 22.8', 'S', NULL, 22, 0),
(324, 'Quini 22.9', 'S', NULL, 22, 0),
(325, 'Quini 22.10', 'S', NULL, 22, 0),
(326, 'Quini 22.11', 'S', NULL, 22, 0),
(327, 'Quini 22.12', 'S', NULL, 22, 0),
(328, 'Quini 22.13', 'S', NULL, 22, 0),
(329, 'Quini 22.14', 'S', NULL, 22, 0),
(330, 'Quini 22.15', 'S', NULL, 22, 0),
(331, 'Quini 23.1', 'S', NULL, 23, 0),
(332, 'Quini 23.2', 'S', NULL, 23, 0),
(333, 'Quini 23.3', 'S', NULL, 23, 0),
(334, 'Quini 23.4', 'S', NULL, 23, 0),
(335, 'Quini 23.5', 'S', NULL, 23, 0),
(336, 'Quini 23.6', 'S', NULL, 23, 0),
(337, 'Quini 23.7', 'S', NULL, 23, 0),
(338, 'Quini 23.8', 'S', NULL, 23, 0),
(339, 'Quini 23.9', 'S', NULL, 23, 0),
(340, 'Quini 23.10', 'S', NULL, 23, 0),
(341, 'Quini 23.11', 'S', NULL, 23, 0),
(342, 'Quini 23.12', 'S', NULL, 23, 0),
(343, 'Quini 23.13', 'S', NULL, 23, 0),
(344, 'Quini 23.14', 'S', NULL, 23, 0),
(345, 'Quini 23.15', 'S', NULL, 23, 0),
(346, 'Quini 24.1', 'S', NULL, 24, 0),
(347, 'Quini 24.2', 'S', NULL, 24, 0),
(348, 'Quini 24.3', 'S', NULL, 24, 0),
(349, 'Quini 24.4', 'S', NULL, 24, 0),
(350, 'Quini 24.5', 'S', NULL, 24, 0),
(351, 'Quini 24.6', 'S', NULL, 24, 0),
(352, 'Quini 24.7', 'S', NULL, 24, 0),
(353, 'Quini 24.8', 'S', NULL, 24, 0),
(354, 'Quini 24.9', 'S', NULL, 24, 0),
(355, 'Quini 24.10', 'S', NULL, 24, 0),
(356, 'Quini 24.11', 'S', NULL, 24, 0),
(357, 'Quini 24.12', 'S', NULL, 24, 0),
(358, 'Quini 24.13', 'S', NULL, 24, 0),
(359, 'Quini 24.14', 'S', NULL, 24, 0),
(360, 'Quini 24.15', 'S', NULL, 24, 0),
(361, 'Quini 25.1', 'S', NULL, 25, 0),
(362, 'Quini 25.2', 'S', NULL, 25, 0),
(363, 'Quini 25.3', 'S', NULL, 25, 0),
(364, 'Quini 25.4', 'S', NULL, 25, 0),
(365, 'Quini 25.5', 'S', NULL, 25, 0),
(366, 'Quini 25.6', 'S', NULL, 25, 0),
(367, 'Quini 25.7', 'S', NULL, 25, 0),
(368, 'Quini 25.8', 'S', NULL, 25, 0),
(369, 'Quini 25.9', 'S', NULL, 25, 0),
(370, 'Quini 25.10', 'S', NULL, 25, 0),
(371, 'Quini 25.11', 'S', NULL, 25, 0),
(372, 'Quini 25.12', 'S', NULL, 25, 0),
(373, 'Quini 25.13', 'S', NULL, 25, 0),
(374, 'Quini 25.14', 'S', NULL, 25, 0),
(375, 'Quini 25.15', 'S', NULL, 25, 0),
(376, 'Quini 26.1', 'S', NULL, 26, 0),
(377, 'Quini 26.2', 'S', NULL, 26, 0),
(378, 'Quini 26.3', 'S', NULL, 26, 0),
(379, 'Quini 26.4', 'S', NULL, 26, 0),
(380, 'Quini 26.5', 'S', NULL, 26, 0),
(381, 'Quini 26.6', 'S', NULL, 26, 0),
(382, 'Quini 26.7', 'S', NULL, 26, 0),
(383, 'Quini 26.8', 'S', NULL, 26, 0),
(384, 'Quini 26.9', 'S', NULL, 26, 0),
(385, 'Quini 26.10', 'S', NULL, 26, 0),
(386, 'Quini 26.11', 'S', NULL, 26, 0),
(387, 'Quini 26.12', 'S', NULL, 26, 0),
(388, 'Quini 26.13', 'S', NULL, 26, 0),
(389, 'Quini 26.14', 'S', NULL, 26, 0),
(390, 'Quini 26.15', 'S', NULL, 26, 0),
(391, 'Quini 27.1', 'S', NULL, 27, 0),
(392, 'Quini 27.2', 'S', NULL, 27, 0),
(393, 'Quini 27.3', 'S', NULL, 27, 0),
(394, 'Quini 27.4', 'S', NULL, 27, 0),
(395, 'Quini 27.5', 'S', NULL, 27, 0),
(396, 'Quini 27.6', 'S', NULL, 27, 0),
(397, 'Quini 27.7', 'S', NULL, 27, 0),
(398, 'Quini 27.8', 'S', NULL, 27, 0),
(399, 'Quini 27.9', 'S', NULL, 27, 0),
(400, 'Quini 27.10', 'S', NULL, 27, 0),
(401, 'Quini 27.11', 'S', NULL, 27, 0),
(402, 'Quini 27.12', 'S', NULL, 27, 0),
(403, 'Quini 27.13', 'S', NULL, 27, 0),
(404, 'Quini 27.14', 'S', NULL, 27, 0),
(405, 'Quini 27.15', 'S', NULL, 27, 0),
(406, 'Quini 28.1', 'S', NULL, 28, 0),
(407, 'Quini 28.2', 'S', NULL, 28, 0),
(408, 'Quini 28.3', 'S', NULL, 28, 0),
(409, 'Quini 28.4', 'S', NULL, 28, 0),
(410, 'Quini 28.5', 'S', NULL, 28, 0),
(411, 'Quini 28.6', 'S', NULL, 28, 0),
(412, 'Quini 28.7', 'S', NULL, 28, 0),
(413, 'Quini 28.8', 'S', NULL, 28, 0),
(414, 'Quini 28.9', 'S', NULL, 28, 0),
(415, 'Quini 28.10', 'S', NULL, 28, 0),
(416, 'Quini 28.11', 'S', NULL, 28, 0),
(417, 'Quini 28.12', 'S', NULL, 28, 0),
(418, 'Quini 28.13', 'S', NULL, 28, 0),
(419, 'Quini 28.14', 'S', NULL, 28, 0),
(420, 'Quini 28.15', 'S', NULL, 28, 0),
(421, 'Quini 29.1', 'S', NULL, 29, 0),
(422, 'Quini 29.2', 'S', NULL, 29, 0),
(423, 'Quini 29.3', 'S', NULL, 29, 0),
(424, 'Quini 29.4', 'S', NULL, 29, 0),
(425, 'Quini 29.5', 'S', NULL, 29, 0),
(426, 'Quini 29.6', 'S', NULL, 29, 0),
(427, 'Quini 29.7', 'S', NULL, 29, 0),
(428, 'Quini 29.8', 'S', NULL, 29, 0),
(429, 'Quini 29.9', 'S', NULL, 29, 0),
(430, 'Quini 29.10', 'S', NULL, 29, 0),
(431, 'Quini 29.11', 'S', NULL, 29, 0),
(432, 'Quini 29.12', 'S', NULL, 29, 0),
(433, 'Quini 29.13', 'S', NULL, 29, 0),
(434, 'Quini 29.14', 'S', NULL, 29, 0),
(435, 'Quini 29.15', 'S', NULL, 29, 0),
(436, 'Quini 30.1', 'S', NULL, 30, 0),
(437, 'Quini 30.2', 'S', NULL, 30, 0),
(438, 'Quini 30.3', 'S', NULL, 30, 0),
(439, 'Quini 30.4', 'S', NULL, 30, 0),
(440, 'Quini 30.5', 'S', NULL, 30, 0),
(441, 'Quini 30.6', 'S', NULL, 30, 0),
(442, 'Quini 30.7', 'S', NULL, 30, 0),
(443, 'Quini 30.8', 'S', NULL, 30, 0),
(444, 'Quini 30.9', 'S', NULL, 30, 0),
(445, 'Quini 30.10', 'S', NULL, 30, 0),
(446, 'Quini 30.11', 'S', NULL, 30, 0),
(447, 'Quini 30.12', 'S', NULL, 30, 0),
(448, 'Quini 30.13', 'S', NULL, 30, 0),
(449, 'Quini 30.14', 'S', NULL, 30, 0),
(450, 'Quini 30.15', 'S', NULL, 30, 0),
(451, 'Quini 31.1', 'S', NULL, 31, 0),
(452, 'Quini 31.2', 'S', NULL, 31, 0),
(453, 'Quini 31.3', 'S', NULL, 31, 0),
(454, 'Quini 31.4', 'S', NULL, 31, 0),
(455, 'Quini 31.5', 'S', NULL, 31, 0),
(456, 'Quini 31.6', 'S', NULL, 31, 0),
(457, 'Quini 31.7', 'S', NULL, 31, 0),
(458, 'Quini 31.8', 'S', NULL, 31, 0),
(459, 'Quini 31.9', 'S', NULL, 31, 0),
(460, 'Quini 31.10', 'S', NULL, 31, 0),
(461, 'Quini 31.11', 'S', NULL, 31, 0),
(462, 'Quini 31.12', 'S', NULL, 31, 0),
(463, 'Quini 31.13', 'S', NULL, 31, 0),
(464, 'Quini 31.14', 'S', NULL, 31, 0),
(465, 'Quini 31.15', 'S', NULL, 31, 0),
(466, 'Quini 32.1', 'S', NULL, 32, 0),
(467, 'Quini 32.2', 'S', NULL, 32, 0),
(468, 'Quini 32.3', 'S', NULL, 32, 0),
(469, 'Quini 32.4', 'S', NULL, 32, 0),
(470, 'Quini 32.5', 'S', NULL, 32, 0),
(471, 'Quini 32.6', 'S', NULL, 32, 0),
(472, 'Quini 32.7', 'S', NULL, 32, 0),
(473, 'Quini 32.8', 'S', NULL, 32, 0),
(474, 'Quini 32.9', 'S', NULL, 32, 0),
(475, 'Quini 32.10', 'S', NULL, 32, 0),
(476, 'Quini 32.11', 'S', NULL, 32, 0),
(477, 'Quini 32.12', 'S', NULL, 32, 0),
(478, 'Quini 32.13', 'S', NULL, 32, 0),
(479, 'Quini 32.14', 'S', NULL, 32, 0),
(480, 'Quini 32.15', 'S', NULL, 32, 0),
(481, 'Quini 33.1', 'S', NULL, 33, 0),
(482, 'Quini 33.2', 'S', NULL, 33, 0),
(483, 'Quini 33.3', 'S', NULL, 33, 0),
(484, 'Quini 33.4', 'S', NULL, 33, 0),
(485, 'Quini 33.5', 'S', NULL, 33, 0),
(486, 'Quini 33.6', 'S', NULL, 33, 0),
(487, 'Quini 33.7', 'S', NULL, 33, 0),
(488, 'Quini 33.8', 'S', NULL, 33, 0),
(489, 'Quini 33.9', 'S', NULL, 33, 0),
(490, 'Quini 33.10', 'S', NULL, 33, 0),
(491, 'Quini 33.11', 'S', NULL, 33, 0),
(492, 'Quini 33.12', 'S', NULL, 33, 0),
(493, 'Quini 33.13', 'S', NULL, 33, 0),
(494, 'Quini 33.14', 'S', NULL, 33, 0),
(495, 'Quini 33.15', 'S', NULL, 33, 0),
(496, 'Quini 34.1', 'S', NULL, 34, 0),
(497, 'Quini 34.2', 'S', NULL, 34, 0),
(498, 'Quini 34.3', 'S', NULL, 34, 0),
(499, 'Quini 34.4', 'S', NULL, 34, 0),
(500, 'Quini 34.5', 'S', NULL, 34, 0),
(501, 'Quini 34.6', 'S', NULL, 34, 0),
(502, 'Quini 34.7', 'S', NULL, 34, 0),
(503, 'Quini 34.8', 'S', NULL, 34, 0),
(504, 'Quini 34.9', 'S', NULL, 34, 0),
(505, 'Quini 34.10', 'S', NULL, 34, 0),
(506, 'Quini 34.11', 'S', NULL, 34, 0),
(507, 'Quini 34.12', 'S', NULL, 34, 0),
(508, 'Quini 34.13', 'S', NULL, 34, 0),
(509, 'Quini 34.14', 'S', NULL, 34, 0),
(510, 'Quini 34.15', 'S', NULL, 34, 0),
(511, 'Quini 35.1', 'S', NULL, 35, 0),
(512, 'Quini 35.2', 'S', NULL, 35, 0),
(513, 'Quini 35.3', 'S', NULL, 35, 0),
(514, 'Quini 35.4', 'S', NULL, 35, 0),
(515, 'Quini 35.5', 'S', NULL, 35, 0),
(516, 'Quini 35.6', 'S', NULL, 35, 0),
(517, 'Quini 35.7', 'S', NULL, 35, 0),
(518, 'Quini 35.8', 'S', NULL, 35, 0),
(519, 'Quini 35.9', 'S', NULL, 35, 0),
(520, 'Quini 35.10', 'S', NULL, 35, 0),
(521, 'Quini 35.11', 'S', NULL, 35, 0),
(522, 'Quini 35.12', 'S', NULL, 35, 0),
(523, 'Quini 35.13', 'S', NULL, 35, 0),
(524, 'Quini 35.14', 'S', NULL, 35, 0),
(525, 'Quini 35.15', 'S', NULL, 35, 0),
(526, 'Quini 36.1', 'S', NULL, 36, 0),
(527, 'Quini 36.2', 'S', NULL, 36, 0),
(528, 'Quini 36.3', 'S', NULL, 36, 0),
(529, 'Quini 36.4', 'S', NULL, 36, 0),
(530, 'Quini 36.5', 'S', NULL, 36, 0),
(531, 'Quini 36.6', 'S', NULL, 36, 0),
(532, 'Quini 36.7', 'S', NULL, 36, 0),
(533, 'Quini 36.8', 'S', NULL, 36, 0),
(534, 'Quini 36.9', 'S', NULL, 36, 0),
(535, 'Quini 36.10', 'S', NULL, 36, 0),
(536, 'Quini 36.11', 'S', NULL, 36, 0),
(537, 'Quini 36.12', 'S', NULL, 36, 0),
(538, 'Quini 36.13', 'S', NULL, 36, 0),
(539, 'Quini 36.14', 'S', NULL, 36, 0),
(540, 'Quini 36.15', 'S', NULL, 36, 0),
(541, 'Quini 37.1', 'S', NULL, 37, 0),
(542, 'Quini 37.2', 'S', NULL, 37, 0),
(543, 'Quini 37.3', 'S', NULL, 37, 0),
(544, 'Quini 37.4', 'S', NULL, 37, 0),
(545, 'Quini 37.5', 'S', NULL, 37, 0),
(546, 'Quini 37.6', 'S', NULL, 37, 0),
(547, 'Quini 37.7', 'S', NULL, 37, 0),
(548, 'Quini 37.8', 'S', NULL, 37, 0),
(549, 'Quini 37.9', 'S', NULL, 37, 0),
(550, 'Quini 37.10', 'S', NULL, 37, 0),
(551, 'Quini 37.11', 'S', NULL, 37, 0),
(552, 'Quini 37.12', 'S', NULL, 37, 0),
(553, 'Quini 37.13', 'S', NULL, 37, 0),
(554, 'Quini 37.14', 'S', NULL, 37, 0),
(555, 'Quini 37.15', 'S', NULL, 37, 0),
(556, 'Quini 38.1', 'S', NULL, 38, 0),
(557, 'Quini 38.2', 'S', NULL, 38, 0),
(558, 'Quini 38.3', 'S', NULL, 38, 0),
(559, 'Quini 38.4', 'S', NULL, 38, 0),
(560, 'Quini 38.5', 'S', NULL, 38, 0),
(561, 'Quini 38.6', 'S', NULL, 38, 0),
(562, 'Quini 38.7', 'S', NULL, 38, 0),
(563, 'Quini 38.8', 'S', NULL, 38, 0),
(564, 'Quini 38.9', 'S', NULL, 38, 0),
(565, 'Quini 38.10', 'S', NULL, 38, 0),
(566, 'Quini 38.11', 'S', NULL, 38, 0),
(567, 'Quini 38.12', 'S', NULL, 38, 0),
(568, 'Quini 38.13', 'S', NULL, 38, 0),
(569, 'Quini 38.14', 'S', NULL, 38, 0),
(570, 'Quini 38.15', 'S', NULL, 38, 0),
(571, 'Quini 39.1', 'S', NULL, 39, 0),
(572, 'Quini 39.2', 'S', NULL, 39, 0),
(573, 'Quini 39.3', 'S', NULL, 39, 0),
(574, 'Quini 39.4', 'S', NULL, 39, 0),
(575, 'Quini 39.5', 'S', NULL, 39, 0),
(576, 'Quini 39.6', 'S', NULL, 39, 0),
(577, 'Quini 39.7', 'S', NULL, 39, 0),
(578, 'Quini 39.8', 'S', NULL, 39, 0),
(579, 'Quini 39.9', 'S', NULL, 39, 0),
(580, 'Quini 39.10', 'S', NULL, 39, 0),
(581, 'Quini 39.11', 'S', NULL, 39, 0),
(582, 'Quini 39.12', 'S', NULL, 39, 0),
(583, 'Quini 39.13', 'S', NULL, 39, 0),
(584, 'Quini 39.14', 'S', NULL, 39, 0),
(585, 'Quini 39.15', 'S', NULL, 39, 0),
(586, 'Quini 40.1', 'S', NULL, 40, 0),
(587, 'Quini 40.2', 'S', NULL, 40, 0),
(588, 'Quini 40.3', 'S', NULL, 40, 0),
(589, 'Quini 40.4', 'S', NULL, 40, 0),
(590, 'Quini 40.5', 'S', NULL, 40, 0),
(591, 'Quini 40.6', 'S', NULL, 40, 0),
(592, 'Quini 40.7', 'S', NULL, 40, 0),
(593, 'Quini 40.8', 'S', NULL, 40, 0),
(594, 'Quini 40.9', 'S', NULL, 40, 0),
(595, 'Quini 40.10', 'S', NULL, 40, 0),
(596, 'Quini 40.11', 'S', NULL, 40, 0),
(597, 'Quini 40.12', 'S', NULL, 40, 0),
(598, 'Quini 40.13', 'S', NULL, 40, 0),
(599, 'Quini 40.14', 'S', NULL, 40, 0),
(600, 'Quini 40.15', 'S', NULL, 40, 0),
(601, 'Quini 41.1', 'S', NULL, 41, 0),
(602, 'Quini 41.2', 'S', NULL, 41, 0),
(603, 'Quini 41.3', 'S', NULL, 41, 0),
(604, 'Quini 41.4', 'S', NULL, 41, 0),
(605, 'Quini 41.5', 'S', NULL, 41, 0),
(606, 'Quini 41.6', 'S', NULL, 41, 0),
(607, 'Quini 41.7', 'S', NULL, 41, 0),
(608, 'Quini 41.8', 'S', NULL, 41, 0),
(609, 'Quini 41.9', 'S', NULL, 41, 0),
(610, 'Quini 41.10', 'S', NULL, 41, 0),
(611, 'Quini 41.11', 'S', NULL, 41, 0),
(612, 'Quini 41.12', 'S', NULL, 41, 0),
(613, 'Quini 41.13', 'S', NULL, 41, 0),
(614, 'Quini 41.14', 'S', NULL, 41, 0),
(615, 'Quini 41.15', 'S', NULL, 41, 0),
(616, 'Quini 42.1', 'S', NULL, 42, 0),
(617, 'Quini 42.2', 'S', NULL, 42, 0),
(618, 'Quini 42.3', 'S', NULL, 42, 0),
(619, 'Quini 42.4', 'S', NULL, 42, 0),
(620, 'Quini 42.5', 'S', NULL, 42, 0),
(621, 'Quini 42.6', 'S', NULL, 42, 0),
(622, 'Quini 42.7', 'S', NULL, 42, 0),
(623, 'Quini 42.8', 'S', NULL, 42, 0),
(624, 'Quini 42.9', 'S', NULL, 42, 0),
(625, 'Quini 42.10', 'S', NULL, 42, 0),
(626, 'Quini 42.11', 'S', NULL, 42, 0),
(627, 'Quini 42.12', 'S', NULL, 42, 0),
(628, 'Quini 42.13', 'S', NULL, 42, 0),
(629, 'Quini 42.14', 'S', NULL, 42, 0),
(630, 'Quini 42.15', 'S', NULL, 42, 0),
(631, 'Quini 43.1', 'S', NULL, 43, 0),
(632, 'Quini 43.2', 'S', NULL, 43, 0),
(633, 'Quini 43.3', 'S', NULL, 43, 0),
(634, 'Quini 43.4', 'S', NULL, 43, 0),
(635, 'Quini 43.5', 'S', NULL, 43, 0),
(636, 'Quini 43.6', 'S', NULL, 43, 0),
(637, 'Quini 43.7', 'S', NULL, 43, 0),
(638, 'Quini 43.8', 'S', NULL, 43, 0),
(639, 'Quini 43.9', 'S', NULL, 43, 0),
(640, 'Quini 43.10', 'S', NULL, 43, 0),
(641, 'Quini 43.11', 'S', NULL, 43, 0),
(642, 'Quini 43.12', 'S', NULL, 43, 0),
(643, 'Quini 43.13', 'S', NULL, 43, 0),
(644, 'Quini 43.14', 'S', NULL, 43, 0),
(645, 'Quini 43.15', 'S', NULL, 43, 0),
(646, 'Quini 44.1', 'S', NULL, 44, 0),
(647, 'Quini 44.2', 'S', NULL, 44, 0),
(648, 'Quini 44.3', 'S', NULL, 44, 0),
(649, 'Quini 44.4', 'S', NULL, 44, 0),
(650, 'Quini 44.5', 'S', NULL, 44, 0),
(651, 'Quini 44.6', 'S', NULL, 44, 0),
(652, 'Quini 44.7', 'S', NULL, 44, 0),
(653, 'Quini 44.8', 'S', NULL, 44, 0),
(654, 'Quini 44.9', 'S', NULL, 44, 0),
(655, 'Quini 44.10', 'S', NULL, 44, 0),
(656, 'Quini 44.11', 'S', NULL, 44, 0),
(657, 'Quini 44.12', 'S', NULL, 44, 0),
(658, 'Quini 44.13', 'S', NULL, 44, 0),
(659, 'Quini 44.14', 'S', NULL, 44, 0),
(660, 'Quini 44.15', 'S', NULL, 44, 0),
(661, 'Quini 45.1', 'S', NULL, 45, 0),
(662, 'Quini 45.2', 'S', NULL, 45, 0),
(663, 'Quini 45.3', 'S', NULL, 45, 0),
(664, 'Quini 45.4', 'S', NULL, 45, 0),
(665, 'Quini 45.5', 'S', NULL, 45, 0),
(666, 'Quini 45.6', 'S', NULL, 45, 0),
(667, 'Quini 45.7', 'S', NULL, 45, 0),
(668, 'Quini 45.8', 'S', NULL, 45, 0),
(669, 'Quini 45.9', 'S', NULL, 45, 0),
(670, 'Quini 45.10', 'S', NULL, 45, 0),
(671, 'Quini 45.11', 'S', NULL, 45, 0),
(672, 'Quini 45.12', 'S', NULL, 45, 0),
(673, 'Quini 45.13', 'S', NULL, 45, 0),
(674, 'Quini 45.14', 'S', NULL, 45, 0),
(675, 'Quini 45.15', 'S', NULL, 45, 0),
(676, 'Quini 46.1', 'N', NULL, 46, 1),
(677, 'Quini 46.2', 'N', NULL, 46, 1),
(678, 'Quini 46.3', 'N', NULL, 46, 1),
(679, 'Quini 46.4', 'N', NULL, 46, 1),
(680, 'Quini 46.5', 'N', NULL, 46, 1),
(681, 'Quini 46.6', 'N', NULL, 46, 1),
(682, 'Quini 46.7', 'N', NULL, 46, 1),
(683, 'Quini 46.8', 'N', NULL, 46, 1),
(684, 'Quini 46.9', 'N', NULL, 46, 1),
(685, 'Quini 46.10', 'N', NULL, 46, 1),
(686, 'Quini 46.11', 'N', NULL, 46, 1),
(687, 'Quini 46.12', 'N', NULL, 46, 1),
(688, 'Quini 46.13', 'N', NULL, 46, 1),
(689, 'Quini 46.14', 'N', NULL, 46, 1),
(690, 'Quini 46.15', 'N', NULL, 46, 1);

-- --------------------------------------------------------

--
-- Estructura de tabla para la tabla `usuarios`
--

CREATE TABLE `usuarios` (
  `ID_USUARIO` int(11) NOT NULL,
  `NOM_USUARIO` varchar(30) NOT NULL,
  `CEDULA` int(9) NOT NULL,
  `NOMBRES` varchar(30) NOT NULL,
  `APELLIDOS` varchar(30) NOT NULL,
  `EMAIL` varchar(30) DEFAULT NULL,
  `PASSWORD` varchar(30) NOT NULL,
  `PRO` varchar(11) NOT NULL
) ENGINE=InnoDB DEFAULT CHARSET=utf8;

--
-- Volcado de datos para la tabla `usuarios`
--

INSERT INTO `usuarios` (`ID_USUARIO`, `NOM_USUARIO`, `CEDULA`, `NOMBRES`, `APELLIDOS`, `EMAIL`, `PASSWORD`, `PRO`) VALUES
(1, 'ljesuus', 26481979, 'Jesus Angel', 'Hernandez Moran', 'jess_01478@hotmail.com', '1234', '0'),
(2, 'admin', 0, 'ADMIN', 'ADMIN', 'Ymoranjl@hotmail.com', 'root', '0');

--
-- Índices para tablas volcadas
--

--
-- Indices de la tabla `equipos`
--
ALTER TABLE `equipos`
  ADD PRIMARY KEY (`ID_EQUIPO`);

--
-- Indices de la tabla `eventos`
--
ALTER TABLE `eventos`
  ADD PRIMARY KEY (`ID_JORNADA`,`ID_EVENTO`),
  ADD KEY `EVENTOS_ID_LOCAL_FK` (`LOCAL`),
  ADD KEY `EVENTOS_ID_VISITANTE_FK` (`VISITANTE`);

--
-- Indices de la tabla `jornadas`
--
ALTER TABLE `jornadas`
  ADD PRIMARY KEY (`ID_JORNADA`);

--
-- Indices de la tabla `pronosticos`
--
ALTER TABLE `pronosticos`
  ADD PRIMARY KEY (`ID_QUINIELA`,`ID_PRO`),
  ADD KEY `PRONOSTICOS_ID_JOR_ID_EVEN_FK` (`ID_JORNADA`,`ID_EVENTO`),
  ADD KEY `USUARIO` (`USUARIO`);

--
-- Indices de la tabla `quinielas`
--
ALTER TABLE `quinielas`
  ADD PRIMARY KEY (`ID_QUINIELA`),
  ADD KEY `QUINIELAS_ID_JORNADA_FK` (`ID_JORNADA`),
  ADD KEY `USUARIO` (`USUARIO`);

--
-- Indices de la tabla `usuarios`
--
ALTER TABLE `usuarios`
  ADD PRIMARY KEY (`ID_USUARIO`);

--
-- AUTO_INCREMENT de las tablas volcadas
--

--
-- AUTO_INCREMENT de la tabla `usuarios`
--
ALTER TABLE `usuarios`
  MODIFY `ID_USUARIO` int(11) NOT NULL AUTO_INCREMENT, AUTO_INCREMENT=3;
--
-- Restricciones para tablas volcadas
--

--
-- Filtros para la tabla `eventos`
--
ALTER TABLE `eventos`
  ADD CONSTRAINT `EVENTOS_ID_JORNADA_FK` FOREIGN KEY (`ID_JORNADA`) REFERENCES `jornadas` (`ID_JORNADA`),
  ADD CONSTRAINT `EVENTOS_ID_LOCAL_FK` FOREIGN KEY (`LOCAL`) REFERENCES `equipos` (`ID_EQUIPO`),
  ADD CONSTRAINT `EVENTOS_ID_VISITANTE_FK` FOREIGN KEY (`VISITANTE`) REFERENCES `equipos` (`ID_EQUIPO`);

--
-- Filtros para la tabla `pronosticos`
--
ALTER TABLE `pronosticos`
  ADD CONSTRAINT `PRONOSTICOS_ID_JOR_ID_EVEN_FK` FOREIGN KEY (`ID_JORNADA`,`ID_EVENTO`) REFERENCES `eventos` (`ID_JORNADA`, `ID_EVENTO`),
  ADD CONSTRAINT `PRONOSTICOS_ID_QUINIELA_FK` FOREIGN KEY (`ID_QUINIELA`) REFERENCES `quinielas` (`ID_QUINIELA`),
  ADD CONSTRAINT `pronosticos_ibfk_1` FOREIGN KEY (`USUARIO`) REFERENCES `usuarios` (`ID_USUARIO`);

--
-- Filtros para la tabla `quinielas`
--
ALTER TABLE `quinielas`
  ADD CONSTRAINT `QUINIELAS_ID_JORNADA_FK` FOREIGN KEY (`ID_JORNADA`) REFERENCES `jornadas` (`ID_JORNADA`);

--
-- Filtros para la tabla `usuarios`
--
ALTER TABLE `usuarios`
  ADD CONSTRAINT `usuarios_ibfk_1` FOREIGN KEY (`ID_USUARIO`) REFERENCES `jornadas` (`ID_JORNADA`);

/*!40101 SET CHARACTER_SET_CLIENT=@OLD_CHARACTER_SET_CLIENT */;
/*!40101 SET CHARACTER_SET_RESULTS=@OLD_CHARACTER_SET_RESULTS */;
/*!40101 SET COLLATION_CONNECTION=@OLD_COLLATION_CONNECTION */;
